id,name,email,city,phone
1,Leanne Graham,Sincere@april.biz,Gwenborough,1-770-736-8031 x56442
2,Ervin Howell,Shanna@melissa.tv,Wisokyburgh,010-692-6593 x09125
3,Clementine Bauch,Nathan@yesenia.net,McKenziehaven,1-463-123-4447
4,Patricia Lebsack,Julianne.OConner@kory.org,South Elvis,493-170-9623 x156
5,Chelsey Dietrich,Lucio_Hettinger@annie.ca,Roscoeview,(254)954-1289
6,Mrs. Dennis Schulist,Karley_Dach@jasper.info,South Christy,1-477-935-8478 x6430
7,Kurtis Weissnat,Telly.Hoeger@billy.biz,Howemouth,210.067.6132
8,Nicholas Runolfsdottir V,Sherwood@rosamond.me,Aliyaview,586.493.6943 x140
9,Glenna Reichert,Chaim_McDermott@dana.io,Bartholomebury,(775)976-6794 x41206
10,Clementina DuBuque,Rey.Padberg@karina.biz,Lebsackbury,024-648-3804
